instance_name,n,seed,regime,variant,initial_objective,objective,elapsed_seconds,overrun_seconds,proposals,valid_evaluations,reference_type,reference_gap,global_lower_bound,certified_gap,observed_time_to_target,target_not_reached
uniform-6-11,6,11,fixed_proposals,full,34269,31138,0.02760070200008613,0.0,3000,3000,exact_DP,0.0,,,0.0007366070000216496,False
uniform-6-11,6,11,fixed_proposals,incremental,34269,31138,0.020399640000050567,0.0,3000,3000,exact_DP,0.0,,,0.0004276530000879575,False
uniform-6-11,6,11,fixed_proposals,expanded,34269,31138,0.02375354100001914,0.0,3000,2262,exact_DP,0.0,,,0.0008591189999833659,False
uniform-6-11,6,11,fixed_time,mip,34269,31138,0.006507901999952992,0.0,0,0,exact_DP,0.0,31138.0,0.0,0.006491187999927206,False
uniform-6-11,6,11,fixed_time,full,34269,31138,0.4000149190000002,1.4919000000168658e-05,43072,43072,exact_DP,0.0,,,0.0005955219999123074,False
uniform-6-11,6,11,fixed_time,incremental,34269,31138,0.40001092199997856,1.0921999978541486e-05,68208,68208,exact_DP,0.0,,,0.0003906509999751506,False
uniform-6-11,6,11,fixed_time,expanded,34269,31138,0.4000399380000772,3.993800007717763e-05,52000,39079,exact_DP,0.0,,,0.0007540150000977519,False
uniform-6-11,6,11,fixed_time,sequential,34269,31138,0.1657123899999533,0.0,20438,15420,exact_DP,0.0,31138.0,0.0,0.0009468629999673794,False
uniform-6-11,6,11,fixed_time,iterative,34269,31138,0.40160099900003843,0.0016009990000384056,15900,11984,exact_DP,0.0,,,0.0008889020000424352,False
clustered-6-12,6,12,fixed_proposals,full,29444,29419,0.03983805699999721,0.0,3000,3000,exact_DP,0.0,,,2.815499999542226e-05,False
clustered-6-12,6,12,fixed_proposals,incremental,29444,29419,0.02348209499996301,0.0,3000,3000,exact_DP,0.0,,,2.4078000024019275e-05,False
clustered-6-12,6,12,fixed_proposals,expanded,29444,29419,0.02818080800000189,0.0,3000,2250,exact_DP,0.0,,,2.391499992882018e-05,False
clustered-6-12,6,12,fixed_time,full,29444,29419,0.40060921099995994,0.0006092109999599193,35246,35246,exact_DP,0.0,,,5.616099997496349e-05,False
clustered-6-12,6,12,fixed_time,incremental,29444,29419,0.40001448100008474,1.4481000084720641e-05,57635,57635,exact_DP,0.0,,,2.7087000034953235e-05,False
clustered-6-12,6,12,fixed_time,expanded,29444,29419,0.4000177870000243,1.7787000024305222e-05,53090,39886,exact_DP,0.0,,,2.8456999984882714e-05,False
clustered-6-12,6,12,fixed_time,sequential,29444,29419,0.1976088900000832,0.0,21769,16338,exact_DP,0.0,29419.0,0.0,2.52790000558889e-05,False
clustered-6-12,6,12,fixed_time,iterative,29444,29419,0.40073124400009874,0.0007312440000987186,3600,2689,exact_DP,0.0,,,2.9251000000840577e-05,False
clustered-6-12,6,12,fixed_time,mip,29444,29419,0.031002790000002278,0.0,0,0,exact_DP,0.0,29419.0,0.0,9.945500005414942e-05,False
uniform-6-13,6,13,fixed_proposals,full,38103,38103,0.015945112999929734,0.0,3000,1516,exact_DP,0.03316160520607375,,,,True
uniform-6-13,6,13,fixed_proposals,incremental,38103,38103,0.009845670000004247,0.0,3000,1516,exact_DP,0.03316160520607375,,,,True
uniform-6-13,6,13,fixed_proposals,expanded,38103,36880,0.037817851999989216,0.0,3000,2490,exact_DP,0.0,,,0.010936400999980833,False
uniform-6-13,6,13,fixed_time,incremental,38103,38103,0.40001778399994237,1.7783999942344586e-05,104992,52491,exact_DP,0.03316160520607375,,,,True
uniform-6-13,6,13,fixed_time,expanded,38103,36880,0.40029115699996964,0.00029115699996962174,30352,25905,exact_DP,0.0,,,0.011067164999985835,False
uniform-6-13,6,13,fixed_time,sequential,38103,36880,0.1810185110000475,0.0,12522,10627,exact_DP,0.0,36880.0,0.0,0.010380675000078554,False
uniform-6-13,6,13,fixed_time,iterative,38103,36880,0.4000370380000504,3.703800005039337e-05,5076,4307,exact_DP,0.0,,,0.02744881199998872,False
uniform-6-13,6,13,fixed_time,mip,38103,36880,0.026154487999974663,0.0,0,0,exact_DP,0.0,36880.0,0.0,0.026137761999962095,False
uniform-6-13,6,13,fixed_time,full,38103,38103,0.4000201989999823,2.0198999982290466e-05,73076,36446,exact_DP,0.03316160520607375,,,,True
uniform-24-11,24,11,fixed_proposals,full,102649,92089,0.059594034000042484,0.0,3000,3000,best_observed_in_this_run,0.784186461037703,,,,True
uniform-24-11,24,11,fixed_proposals,incremental,102649,92089,0.04402156200001173,0.0,3000,3000,best_observed_in_this_run,0.784186461037703,,,,True
uniform-24-11,24,11,fixed_proposals,expanded,102649,55761,0.034070004000000154,0.0,3000,2039,best_observed_in_this_run,0.08034641763862518,,,,True
uniform-24-11,24,11,fixed_time,mip,102649,102649,0.390081101000078,0.0,0,0,best_observed_in_this_run,0.9887821133800907,,,,True
uniform-24-11,24,11,fixed_time,full,102649,92089,0.4000604899999871,6.048999998709004e-05,34024,34024,best_observed_in_this_run,0.784186461037703,,,,True
uniform-24-11,24,11,fixed_time,incremental,102649,92089,0.4000286389999701,2.8638999970076462e-05,53489,53489,best_observed_in_this_run,0.784186461037703,,,,True
uniform-24-11,24,11,fixed_time,expanded,102649,51614,0.40002780300005725,2.7803000057224914e-05,54772,28579,best_observed_in_this_run,0.0,,,0.058642738999992616,False
uniform-24-11,24,11,fixed_time,sequential,102649,51614,0.399491954000041,0.0,23037,12278,best_observed_in_this_run,0.0,,,0.06007982100004483,False
uniform-24-11,24,11,fixed_time,iterative,102649,65731,0.40014501299992844,0.00014501299992841776,900,644,best_observed_in_this_run,0.2735110628899136,,,,True
clustered-24-12,24,12,fixed_proposals,full,104406,100582,0.05330080199996701,0.0,3000,3000,best_observed_in_this_run,1.3629657473100596,,,,True
clustered-24-12,24,12,fixed_proposals,incremental,104406,100582,0.04535380899994834,0.0,3000,3000,best_observed_in_this_run,1.3629657473100596,,,,True
clustered-24-12,24,12,fixed_proposals,expanded,104406,43274,0.03865159099996163,0.0,3000,2112,best_observed_in_this_run,0.01663299346896584,,,,True
clustered-24-12,24,12,fixed_time,full,104406,100582,0.40002738800001225,2.738800001222952e-05,34534,34534,best_observed_in_this_run,1.3629657473100596,,,,True
clustered-24-12,24,12,fixed_time,incremental,104406,100582,0.40020328100001734,0.00020328100001731908,52529,52529,best_observed_in_this_run,1.3629657473100596,,,,True
clustered-24-12,24,12,fixed_time,expanded,104406,42566,0.400025109000012,2.5109000011958038e-05,50739,36760,best_observed_in_this_run,0.0,,,0.050312009000094804,False
clustered-24-12,24,12,fixed_time,sequential,104406,42566,0.44307082399996034,0.04307082399996032,18698,13463,best_observed_in_this_run,0.0,,,0.048583078999968166,False
clustered-24-12,24,12,fixed_time,iterative,104406,57170,0.4179379979999567,0.017937997999956656,900,615,best_observed_in_this_run,0.3430907296903632,,,,True
clustered-24-12,24,12,fixed_time,mip,104406,104406,0.3937412129999984,0.0,0,0,best_observed_in_this_run,1.452802706385378,,,,True
uniform-24-13,24,13,fixed_proposals,full,103115,99407,0.0526173219999464,0.0,3000,3000,best_observed_in_this_run,0.6506758327521504,,,,True
uniform-24-13,24,13,fixed_proposals,incremental,103115,99407,0.04727606799997375,0.0,3000,3000,best_observed_in_this_run,0.6506758327521504,,,,True
uniform-24-13,24,13,fixed_proposals,expanded,103115,64864,0.03038678199993683,0.0,3000,1687,best_observed_in_this_run,0.0770814652452592,,,,True
uniform-24-13,24,13,fixed_time,incremental,103115,99296,0.40007808200005,7.808200004999488e-05,52622,52622,best_observed_in_this_run,0.648832652519013,,,,True
uniform-24-13,24,13,fixed_time,expanded,103115,60222,0.4000293230000125,2.932300001246002e-05,43766,23179,best_observed_in_this_run,0.0,,,0.1273262900000418,False
uniform-24-13,24,13,fixed_time,sequential,103115,60222,0.45872653300000366,0.05872653300000363,19190,10319,best_observed_in_this_run,0.0,,,0.06202510200000688,False
uniform-24-13,24,13,fixed_time,iterative,103115,71413,0.4000349960000449,3.499600004486236e-05,1282,926,best_observed_in_this_run,0.18582909900036532,,,,True
uniform-24-13,24,13,fixed_time,mip,103115,103115,0.4076776350000273,0.007677635000027272,0,0,best_observed_in_this_run,0.7122480156753346,,,,True
uniform-24-13,24,13,fixed_time,full,103115,99296,0.4006460560000278,0.0006460560000277615,20814,20814,best_observed_in_this_run,0.648832652519013,,,,True
uniform-60-11,60,11,fixed_proposals,full,232213,228311,0.25440267700003005,0.0,3000,3000,best_observed_in_this_run,0.9219715464264668,,,,True
uniform-60-11,60,11,fixed_proposals,incremental,232213,228311,0.17851575099996353,0.0,3000,3000,best_observed_in_this_run,0.9219715464264668,,,,True
uniform-60-11,60,11,fixed_proposals,expanded,232213,165297,0.0810526809999601,0.0,3000,1758,best_observed_in_this_run,0.39150601902517046,,,,True
uniform-60-11,60,11,fixed_time,mip,232213,232213,0.4294051809999928,0.029405180999992786,0,0,best_observed_in_this_run,0.9548194292448859,,,,True
uniform-60-11,60,11,fixed_time,full,232213,222521,0.4017924090001088,0.0017924090001087967,8251,8251,best_observed_in_this_run,0.8732300698712013,,,,True
uniform-60-11,60,11,fixed_time,incremental,232213,222521,0.4000572549999788,5.7254999978773036e-05,26066,26066,best_observed_in_this_run,0.8732300698712013,,,,True
uniform-60-11,60,11,fixed_time,expanded,232213,118790,0.40010985200001414,0.00010985200001412121,32673,17871,best_observed_in_this_run,0.0,,,0.33699858299996777,False
uniform-60-11,60,11,fixed_time,sequential,232213,124527,0.40537552399996457,0.005375523999964549,12994,7320,best_observed_in_this_run,0.04829531105311895,,,,True
uniform-60-11,60,11,fixed_time,iterative,232213,217263,0.4001243320000185,0.00012433200001848999,918,452,best_observed_in_this_run,0.8289670847714454,,,,True
clustered-60-12,60,12,fixed_proposals,full,249363,245204,0.14927901299995483,0.0,3000,3000,best_observed_in_this_run,0.954112574812123,,,,True
clustered-60-12,60,12,fixed_proposals,incremental,249363,245204,0.13236677300005795,0.0,3000,3000,best_observed_in_this_run,0.954112574812123,,,,True
clustered-60-12,60,12,fixed_proposals,expanded,249363,153846,0.09454051899990645,0.0,3000,1731,best_observed_in_this_run,0.22605015898821335,,,,True
clustered-60-12,60,12,fixed_time,full,249363,243198,0.40011702300000707,0.0001170230000070438,11983,11983,best_observed_in_this_run,0.9381260908025916,,,,True
clustered-60-12,60,12,fixed_time,incremental,249363,243198,0.4001387970000678,0.00013879700006780293,13929,13929,best_observed_in_this_run,0.9381260908025916,,,,True
clustered-60-12,60,12,fixed_time,expanded,249363,125481,0.40013593499998024,0.00013593499998021397,32619,17179,best_observed_in_this_run,0.0,,,0.27928754200002004,False
clustered-60-12,60,12,fixed_time,sequential,249363,133295,0.4052616039999748,0.005261603999974773,7103,3927,best_observed_in_this_run,0.062272375897546244,,,,True
clustered-60-12,60,12,fixed_time,iterative,249363,171989,0.40422909899996284,0.0042290989999628215,1500,892,best_observed_in_this_run,0.37063778580024065,,,,True
clustered-60-12,60,12,fixed_time,mip,249363,249363,0.40351667000004454,0.0035166700000445195,0,0,best_observed_in_this_run,0.9872570349295909,,,,True
uniform-60-13,60,13,fixed_proposals,full,234834,221602,0.13237441500007208,0.0,3000,3000,best_observed_in_this_run,0.8842425685327528,,,,True
uniform-60-13,60,13,fixed_proposals,incremental,234834,221602,0.13145473299994137,0.0,3000,3000,best_observed_in_this_run,0.8842425685327528,,,,True
uniform-60-13,60,13,fixed_proposals,expanded,234834,148978,0.08762310700001308,0.0,3000,1815,best_observed_in_this_run,0.2667335555404394,,,,True
uniform-60-13,60,13,fixed_time,incremental,234834,212841,0.40008760300008817,8.760300008814337e-05,22036,22036,best_observed_in_this_run,0.8097493367798109,,,,True
uniform-60-13,60,13,fixed_time,expanded,234834,117608,0.40013202200009346,0.00013202200009343468,35294,17195,best_observed_in_this_run,0.0,,,0.21113673600007132,False
uniform-60-13,60,13,fixed_time,sequential,234834,123563,0.4047076660000357,0.004707666000035693,11395,6016,best_observed_in_this_run,0.05063431059111625,,,,True
uniform-60-13,60,13,fixed_time,iterative,234834,212228,0.4025542240000277,0.002554224000027694,900,510,best_observed_in_this_run,0.804537106319298,,,,True
uniform-60-13,60,13,fixed_time,mip,234834,234834,0.40396553499999754,0.003965534999997522,0,0,best_observed_in_this_run,0.9967519216379838,,,,True
uniform-60-13,60,13,fixed_time,full,234834,212841,0.4001301890000377,0.00013018900003769485,21792,21792,best_observed_in_this_run,0.8097493367798109,,,,True
